{
  "minimum": {
    "ACALD": -0.028,
    "ACALDt": -0.028,
    "ACKr": -0.042,
    "ACONTa": 0.8589934593,
    "ACONTb": 0.8589934593,
    "ACt2r": -0.042,
    "ADK1": 0.0,
    "AKGDH": 0.4294967297,
    "AKGt2r": -0.015,
    "ALCD2x": -0.024,
    "ATPM": 8.39,
    "ATPS4r": 6.4294967297,
    "BIOMASS_Ecoli_core_w_GAM": 0.001,
    "CO2t": -2.8589934593,
    "CS": 0.8589934593,
    "CYTBD": 5.4294967297,
    "D_LACt2": -0.023,
    "ENO": 0.8589934593,
    "ETOHt2r": -0.024,
    "EX_ac_e": 0.0,
    "EX_acald_e": 0.0,
    "EX_akg_e": 0.0,
    "EX_co2_e": 2.4294967297,
    "EX_etoh_e": 0.0,
    "EX_for_e": 0.0,
    "EX_fru_e": 0.0,
    "EX_fum_e": 0.0,
    "EX_glc__D_e": -0.4294967297,
    "EX_gln__L_e": 0.0,
    "EX_glu__L_e": 0.0,
    "EX_h_e": 0.024,
    "EX_h2o_e": 2.4294967297,
    "EX_lac__D_e": 0.0,
    "EX_mal__L_e": 0.0,
    "EX_nh4_e": -0.02,
    "EX_o2_e": -2.8589934593,
    "EX_pi_e": -0.009,
    "EX_pyr_e": 0.0,
    "EX_succ_e": 0.0,
    "FBA": 0.4294967297,
    "FBP": 0.0,
    "FORt2": 0.0,
    "FORt": -0.4294967297,
    "FRD7": 0.0,
    "FRUpts2": 0.0,
    "FUM": 0.8589934593,
    "FUMt2_2": 0.0,
    "G6PDH2r": 0.0,
    "GAPD": 0.8589934593,
    "GLCpts": 0.4294967297,
    "GLNS": 0.0,
    "GLNabc": 0.0,
    "GLUDy": -0.02,
    "GLUN": 0.0,
    "GLUSy": 0.0,
    "GLUt2r": -0.014,
    "GND": 0.0,
    "H2Ot": -2.8589934593,
    "ICDHyr": 0.4294967297,
    "ICL": 0.0,
    "LDH_D": -0.023,
    "MALS": 0.0,
    "MALt2_2": 0.0,
    "MDH": 0.4294967297,
    "ME1": 0.0,
    "ME2": 0.0,
    "NADH16": 4.4294967297,
    "NADTRHD": 0.4294967297,
    "NH4t": 0.007,
    "O2t": 2.8589934593,
    "PDH": 0.8589934593,
    "PFK": 0.4294967297,
    "PFL": 0.0,
    "PGI": 0.4294967297,
    "PGK": -1.004,
    "PGL": 0.0,
    "PGM": -1.0,
    "PIt2r": 0.004,
    "PPC": 0.0,
    "PPCK": 0.0,
    "PPS": 0.0,
    "PTAr": 0.0,
    "PYK": 0.313,
    "PYRt2": -0.028,
    "RPE": -0.002,
    "RPI": -0.003,
    "SUCCt2_2": 0.0,
    "SUCCt3": 0.0,
    "SUCDi": 0.8589934593,
    "SUCOAS": -0.8589934593,
    "TALA": 0.0,
    "THD2": 0.0,
    "TKT1": 0.0,
    "TKT2": -0.001,
    "TPI": 0.4294967297
  },
  "maximum": {
    "ACALD": 0.0,
    "ACALDt": 0.0,
    "ACKr": 0.0,
    "ACONTa": 0.8589934593,
    "ACONTb": 0.8589934593,
    "ACt2r": 0.0,
    "ADK1": 0.18,
    "AKGDH": 0.8589934593,
    "AKGt2r": 0.0,
    "ALCD2x": 0.0,
    "ATPM": 8.4294967297,
    "ATPS4r": 6.4294967297,
    "BIOMASS_Ecoli_core_w_GAM": 0.002,
    "CO2t": -2.4294967297,
    "CS": 0.8589934593,
    "CYTBD": 5.8589934593,
    "D_LACt2": 0.0,
    "ENO": 1.0,
    "ETOHt2r": 0.0,
    "EX_ac_e": 0.042,
    "EX_acald_e": 0.028,
    "EX_akg_e": 0.015,
    "EX_co2_e": 2.8589934593,
    "EX_etoh_e": 0.024,
    "EX_for_e": 0.12,
    "EX_fru_e": 0.0,
    "EX_fum_e": 0.0,
    "EX_glc__D_e": -0.4294967297,
    "EX_gln__L_e": 0.0,
    "EX_glu__L_e": 0.014,
    "EX_h_e": 0.144,
    "EX_h2o_e": 2.8589934593,
    "EX_lac__D_e": 0.023,
    "EX_mal__L_e": 0.0,
    "EX_nh4_e": -0.007,
    "EX_o2_e": -2.8589934593,
    "EX_pi_e": -0.004,
    "EX_pyr_e": 0.028,
    "EX_succ_e": 0.018,
    "FBA": 0.4294967297,
    "FBP": 0.18,
    "FORt2": 0.4294967297,
    "FORt": 0.0,
    "FRD7": 0.0,
    "FRUpts2": 0.0,
    "FUM": 0.8589934593,
    "FUMt2_2": 0.0,
    "G6PDH2r": 0.004,
    "GAPD": 1.004,
    "GLCpts": 0.4294967297,
    "GLNS": 0.18,
    "GLNabc": 0.0,
    "GLUDy": 0.174,
    "GLUN": 0.18,
    "GLUSy": 0.18,
    "GLUt2r": 0.0,
    "GND": 0.004,
    "H2Ot": -2.4294967297,
    "ICDHyr": 0.8589934593,
    "ICL": 0.183,
    "LDH_D": 0.0,
    "MALS": 0.183,
    "MALt2_2": 0.0,
    "MDH": 1.17,
    "ME1": 0.18,
    "ME2": 0.18,
    "NADH16": 4.8589934593,
    "NADTRHD": 1.33,
    "NH4t": 0.02,
    "O2t": 2.8589934593,
    "PDH": 1.176,
    "PFK": 0.4294967297,
    "PFL": 0.12,
    "PGI": 0.4294967297,
    "PGK": -0.8589934593,
    "PGL": 0.004,
    "PGM": -0.8589934593,
    "PIt2r": 0.009,
    "PPC": 0.183,
    "PPCK": 0.18,
    "PPS": 0.18,
    "PTAr": 0.042,
    "PYK": 0.4294967297,
    "PYRt2": 0.0,
    "RPE": 0.001,
    "RPI": -0.001,
    "SUCCt2_2": 0.24,
    "SUCCt3": 0.24,
    "SUCDi": 0.8589934593,
    "SUCOAS": -0.4294967297,
    "TALA": 0.001,
    "THD2": 0.36,
    "TKT1": 0.001,
    "TKT2": 0.0,
    "TPI": 0.4294967297
  }
}