{
  "ACALD": 0.0,
  "ACALDt": 0.0,
  "ACKr": 0.0,
  "ACONTa": 0.2930678546,
  "ACONTb": 0.2930678546,
  "ACt2r": 0.0,
  "ADK1": 1.4294967297,
  "AKGDH": 0.0,
  "AKGt2r": 0.0,
  "ALCD2x": 0.0,
  "ATPM": 8.39,
  "ATPS4r": 24.4294967297,
  "BIOMASS_Ecoli_core_w_GAM": 0.2716357907,
  "CO2t": -10.4294967297,
  "CS": 0.2930678546,
  "CYTBD": 21.0751781543,
  "D_LACt2": 0.0,
  "ENO": 3.0,
  "ETOHt2r": 0.0,
  "EX_ac_e": 0.0,
  "EX_acald_e": 0.0,
  "EX_akg_e": 0.0,
  "EX_co2_e": 10.4294967297,
  "EX_etoh_e": 0.0,
  "EX_for_e": 0.0,
  "EX_fru_e": 0.0,
  "EX_fum_e": 0.0,
  "EX_glc__D_e": -3.4294967297,
  "EX_gln__L_e": 0.0,
  "EX_glu__L_e": 0.0,
  "EX_h_e": 5.4294967297,
  "EX_h2o_e": 12.4294967297,
  "EX_lac__D_e": 0.0,
  "EX_mal__L_e": 0.0,
  "EX_nh4_e": -1.4294967297,
  "EX_o2_e": -10.4294967297,
  "EX_pi_e": -0.8589934593,
  "EX_pyr_e": 0.0,
  "EX_succ_e": 0.0,
  "FBA": 0.1230564265,
  "FBP": 0.0,
  "FORt2": 0.0,
  "FORt": 0.0,
  "FRD7": 0.0,
  "FRUpts2": 0.0,
  "FUM": -2.903989548e-16,
  "FUMt2_2": 0.0,
  "G6PDH2r": 10.025854411,
  "GAPD": 3.4063671429,
  "GLCpts": 3.4294967297,
  "GLNS": 0.0694572717,
  "GLNabc": -0.0,
  "GLUDy": -1.411718368,
  "GLUN": 0.0,
  "GLUSy": 0.0,
  "GLUt2r": 0.0,
  "GND": 10.025854411,
  "H2Ot": -12.4294967297,
  "ICDHyr": 0.2930678546,
  "ICL": 5.346192038e-32,
  "LDH_D": 0.0,
  "MALS": 0.0,
  "MALt2_2": 0.0,
  "MDH": -6.301279143e-17,
  "ME1": 0.0,
  "ME2": 0.0,
  "NADH16": 21.0751781543,
  "NADTRHD": 15.3942143905,
  "NH4t": 1.4294967297,
  "O2t": 10.4294967297,
  "PDH": 1.3111044711,
  "PFK": 0.1230564265,
  "PFL": 0.0,
  "PGI": -6.3463357302,
  "PGK": -3.4063671429,
  "PGL": 10.025854411,
  "PGM": -3.0,
  "PIt2r": 0.8589934593,
  "PPC": 0.4294967297,
  "PPCK": 0.0,
  "PPS": 1.4294967297,
  "PTAr": 0.0,
  "PYK": 0.0,
  "PYRt2": 0.0,
  "RPE": 6.4294967297,
  "RPI": -3.4294967297,
  "SUCCt2_2": 0.0,
  "SUCCt3": 0.0,
  "SUCDi": 0.0,
  "SUCOAS": 0.0,
  "TALA": 3.2933558274,
  "THD2": 0.0,
  "TKT1": 3.2933558274,
  "TKT2": 3.1952953069,
  "TPI": 0.1230564265
}